{
  "BTC_USDT:long": {
    "entryPrice": 64545.11,
    "initialStop": 64176.83,
    "lastAdvisedStop": 64176.83,
    "stagesAdvised": {},
    "openedAt": 1784399289361
  },
  "ETH:long": {
    "entryPrice": 1864.91,
    "initialStop": 1848.22,
    "lastAdvisedStop": 1848.22,
    "stagesAdvised": {},
    "openedAt": 1784431328611
  },
  "B-DOGE_USDT:short": {
    "entryPrice": 0.07209,
    "initialStop": 0.07276,
    "lastAdvisedStop": 0.07276,
    "stagesAdvised": {},
    "openedAt": 1784486481949
  },
  "B-BTC_USDT:long": {
    "entryPrice": 65186.01,
    "initialStop": 64391.87,
    "lastAdvisedStop": 64391.87,
    "stagesAdvised": {},
    "openedAt": 1784585139237
  },
  "B-ETH_USDT:long": {
    "entryPrice": 1902.21,
    "initialStop": 1875.77026916951,
    "lastAdvisedStop": 1875.77026916951,
    "stagesAdvised": {},
    "openedAt": 1784593055922
  }
}