{
  "BTC_USDT:long": {
    "entryPrice": 64545.11,
    "initialStop": 64176.83,
    "lastAdvisedStop": 64176.83,
    "stagesAdvised": {},
    "openedAt": 1784399289361
  },
  "B-BTC_USDT:long": {
    "entryPrice": 64780.87,
    "initialStop": 64448.58,
    "lastAdvisedStop": 64448.58,
    "stagesAdvised": {},
    "openedAt": 1784430385320
  },
  "ETH:long": {
    "entryPrice": 1868.83,
    "initialStop": 1852.79265538315,
    "lastAdvisedStop": 1852.79265538315,
    "stagesAdvised": {},
    "openedAt": 1784430749891
  }
}