{
  "BTC_USDT:long": {
    "entryPrice": 64545.11,
    "initialStop": 64176.83,
    "lastAdvisedStop": 64176.83,
    "stagesAdvised": {},
    "openedAt": 1784399289361
  },
  "ETH:long": {
    "entryPrice": 1864.91,
    "initialStop": 1848.22,
    "lastAdvisedStop": 1848.22,
    "stagesAdvised": {},
    "openedAt": 1784431328611
  },
  "B-DOGE_USDT:short": {
    "entryPrice": 0.07209,
    "initialStop": 0.07276,
    "lastAdvisedStop": 0.07276,
    "stagesAdvised": {},
    "openedAt": 1784486481949
  },
  "SOL_USDT:long": {
    "entryPrice": 77.96,
    "initialStop": 76.81,
    "lastAdvisedStop": 76.81,
    "stagesAdvised": {},
    "openedAt": 1784593649439
  },
  "B-ETH_USDT:long": {
    "entryPrice": 1908.99,
    "initialStop": 1881.89,
    "lastAdvisedStop": 1881.89,
    "stagesAdvised": {},
    "openedAt": 1784601210097
  },
  "BTC:long": {
    "entryPrice": 65492.01,
    "initialStop": 64755.41,
    "lastAdvisedStop": 64755.41,
    "stagesAdvised": {},
    "openedAt": 1784605640872
  },
  "B-XRP_USDT:long": {
    "entryPrice": 1.1319,
    "initialStop": 1.117155,
    "lastAdvisedStop": 1.117155,
    "stagesAdvised": {},
    "openedAt": 1784619041676
  },
  "B-DOGE_USDT:long": {
    "entryPrice": 0.07304,
    "initialStop": 0.0720861805,
    "lastAdvisedStop": 0.0720861805,
    "stagesAdvised": {},
    "openedAt": 1784619124292
  },
  "B-BTC_USDT:long": {
    "entryPrice": 66218,
    "initialStop": 65477.6404770154,
    "lastAdvisedStop": 65477.6404770154,
    "stagesAdvised": {},
    "openedAt": 1784620580000
  }
}