{
  "BTC_USDT:long": {
    "entryPrice": 64545.11,
    "initialStop": 64176.83,
    "lastAdvisedStop": 64176.83,
    "stagesAdvised": {},
    "openedAt": 1784399289361
  },
  "B-BTC_USDT:long": {
    "entryPrice": 64780.87,
    "initialStop": 64448.58,
    "lastAdvisedStop": 64448.58,
    "stagesAdvised": {},
    "openedAt": 1784430385320
  },
  "ETH:long": {
    "entryPrice": 1864.91,
    "initialStop": 1848.22,
    "lastAdvisedStop": 1848.22,
    "stagesAdvised": {},
    "openedAt": 1784431328611
  },
  "B-XRP_USDT:long": {
    "entryPrice": 1.0977,
    "initialStop": 1.0898091,
    "lastAdvisedStop": 1.0898091,
    "stagesAdvised": {},
    "openedAt": 1784473882126
  },
  "B-DOGE_USDT:short": {
    "entryPrice": 0.07229,
    "initialStop": 0.07292285,
    "lastAdvisedStop": 0.07292285,
    "stagesAdvised": {},
    "openedAt": 1784481682824
  }
}