{
  "BTC_USDT:long": {
    "entryPrice": 64545.11,
    "initialStop": 64176.83,
    "lastAdvisedStop": 64176.83,
    "stagesAdvised": {},
    "openedAt": 1784399289361
  },
  "ETH:long": {
    "entryPrice": 1864.91,
    "initialStop": 1848.22,
    "lastAdvisedStop": 1848.22,
    "stagesAdvised": {},
    "openedAt": 1784431328611
  },
  "B-DOGE_USDT:short": {
    "entryPrice": 0.07209,
    "initialStop": 0.07276,
    "lastAdvisedStop": 0.07276,
    "stagesAdvised": {},
    "openedAt": 1784486481949
  },
  "SOL_USDT:long": {
    "entryPrice": 77.96,
    "initialStop": 76.81,
    "lastAdvisedStop": 76.81,
    "stagesAdvised": {},
    "openedAt": 1784593649439
  },
  "BTC:long": {
    "entryPrice": 65492.01,
    "initialStop": 64755.41,
    "lastAdvisedStop": 64755.41,
    "stagesAdvised": {},
    "openedAt": 1784605640872
  },
  "B-DOGE_USDT:long": {
    "entryPrice": 0.07304,
    "initialStop": 0.0720861805,
    "lastAdvisedStop": 0.0720861805,
    "stagesAdvised": {},
    "openedAt": 1784619124292
  },
  "B-XRP_USDT:long": {
    "entryPrice": 1.1339,
    "initialStop": 1.11940272197752,
    "lastAdvisedStop": 1.11940272197752,
    "stagesAdvised": {},
    "openedAt": 1784622707788
  }
}