{
  "BTC_USDT:long": {
    "entryPrice": 64545.11,
    "initialStop": 64176.83,
    "lastAdvisedStop": 64176.83,
    "stagesAdvised": {},
    "openedAt": 1784399289361
  },
  "ETH:long": {
    "entryPrice": 1864.91,
    "initialStop": 1848.22,
    "lastAdvisedStop": 1848.22,
    "stagesAdvised": {},
    "openedAt": 1784431328611
  },
  "B-DOGE_USDT:short": {
    "entryPrice": 0.07209,
    "initialStop": 0.07276,
    "lastAdvisedStop": 0.07276,
    "stagesAdvised": {},
    "openedAt": 1784486481949
  },
  "B-XRP_USDT:long": {
    "entryPrice": 1.0969,
    "initialStop": 1.08870638656813,
    "lastAdvisedStop": 1.08870638656813,
    "stagesAdvised": {},
    "openedAt": 1784495037651
  }
}